time,ax (m/s^2),ay (m/s^2),az (m/s^2),aT (m/s^2)
0.013776,-0.0084,-0.0099,-0.0234,0.027
0.033576,0.0086,-0.0067,0.0041,0.012
0.051544,0.0111,-0.0081,-0.0053,0.015
0.070566,0.0038,-0.0056,-0.0043,0.008
0.090209,-0.0046,-0.0080,-0.0076,0.012
0.108235,0.0014,-0.0082,-0.0065,0.011
0.126835,0.0001,-0.0105,-0.0079,0.013
0.146964,0.0086,-0.0084,-0.0019,0.012
0.166509,0.0047,-0.0025,-0.0042,0.007
0.184599,0.0072,-0.0059,-0.0090,0.013
0.204156,0.0013,-0.0145,-0.0031,0.015
0.223271,0.0026,-0.0062,0.0006,0.007
0.241029,0.0049,-0.0086,-0.0042,0.011
0.260965,0.0026,-0.0088,0.0029,0.010
0.279923,0.0027,-0.0147,0.0005,0.015
0.299617,0.0051,-0.0098,0.0006,0.011
0.318468,-0.0008,-0.0062,-0.0004,0.006
0.337328,0.0052,-0.0107,0.0005,0.012
0.356698,0.0029,-0.0117,-0.0018,0.012
0.376006,0.0041,-0.0092,0.0030,0.011
0.394421,-0.0006,-0.0114,-0.0065,0.013
0.412845,0.0079,-0.0102,-0.0041,0.014
0.432135,0.0067,-0.0018,-0.0017,0.007
0.451575,0.0021,-0.0099,-0.0041,0.011
0.471226,0.0046,-0.0097,-0.0029,0.011
0.489502,0.0033,-0.0110,0.0019,0.012
0.508807,0.0044,-0.0134,-0.0020,0.014
0.527298,0.0046,-0.0121,0.0041,0.014
0.547181,0.0070,-0.0037,-0.0041,0.009
0.565430,0.0083,-0.0120,-0.0020,0.015
0.584918,0.0154,-0.0071,-0.0034,0.017
0.604087,0.0012,-0.0083,0.0007,0.008
0.623425,0.0061,-0.0116,-0.0031,0.013
0.641426,0.0095,-0.0070,-0.0043,0.013
0.660557,0.0062,-0.0083,-0.0031,0.011
0.679775,0.0074,-0.0037,-0.0031,0.009
0.699050,0.0038,-0.0083,-0.0053,0.011
0.717863,0.0074,-0.0084,0.0017,0.011
0.736513,0.0086,-0.0091,-0.0102,0.016
0.756903,0.0064,-0.0104,0.0005,0.012
0.774934,0.0111,-0.0090,0.0017,0.014
0.793968,0.0064,-0.0101,0.0005,0.012
0.813576,0.0087,-0.0030,0.0019,0.009
0.833802,0.0051,-0.0050,-0.0018,0.007
0.850881,0.0135,-0.0017,0.0043,0.014
0.870480,0.0027,-0.0040,0.0043,0.006
0.888827,0.0016,-0.0086,-0.0004,0.009
0.908947,0.0051,-0.0026,0.0007,0.006
0.926810,0.0089,-0.0085,-0.0056,0.014
0.946227,0.0113,-0.0120,-0.0042,0.017
0.965530,0.0042,-0.0035,-0.0075,0.009
0.984173,0.0100,-0.0001,-0.0029,0.010
1.008664,0.0065,-0.0097,0.0055,0.013
1.027000,0.0090,-0.0096,-0.0006,0.013
1.046754,0.0102,-0.0106,-0.0069,0.016
1.065016,0.0077,-0.0035,0.0007,0.009
1.083711,0.0053,-0.0059,0.0019,0.008
1.103541,0.0053,-0.0105,-0.0065,0.013
1.122745,0.0090,0.0018,-0.0065,0.011
1.141070,0.0090,-0.0016,-0.0089,0.013
1.160675,0.0044,-0.0005,-0.0005,0.004
1.179411,0.0057,-0.0038,0.0031,0.008
1.197881,0.0033,-0.0082,-0.0100,0.013
1.217707,0.0118,-0.0108,-0.0008,0.016
1.237076,0.0129,-0.0032,-0.0064,0.015
1.256271,0.0116,-0.0042,0.0019,0.013
1.274676,0.0127,-0.0056,0.0054,0.015
1.293798,0.0091,-0.0029,-0.0052,0.011
1.312320,0.0093,-0.0053,-0.0091,0.014
1.331381,0.0116,-0.0050,-0.0040,0.013
1.350245,0.0009,-0.0063,-0.0040,0.008
1.369617,0.0092,-0.0017,-0.0052,0.011
1.388341,0.0091,-0.0053,-0.0030,0.011
1.408142,0.0067,-0.0049,-0.0100,0.013
1.427544,0.0044,-0.0088,-0.0006,0.010
1.445919,0.0033,-0.0040,0.0008,0.005
1.464474,0.0021,-0.0052,-0.0088,0.010
1.484227,0.0105,-0.0121,-0.0019,0.016
1.503232,0.0070,-0.0038,-0.0004,0.008
1.522287,0.0071,-0.0035,-0.0028,0.008
1.541105,0.0131,0.0012,-0.0018,0.013
1.561480,0.0047,-0.0070,-0.0030,0.009
1.579287,0.0095,-0.0011,-0.0016,0.010
1.598070,0.0046,-0.0011,0.0008,0.005
1.617151,0.0081,-0.0059,0.0020,0.010
1.636122,0.0046,-0.0032,-0.0042,0.007
1.655847,0.0070,-0.0068,0.0032,0.010
1.676371,0.0093,-0.0007,0.0032,0.010
1.693625,0.0044,-0.0029,0.0008,0.005
1.712746,0.0162,-0.0018,-0.0031,0.017
1.732080,0.0078,-0.0041,0.0030,0.009
1.753642,0.0056,-0.0042,-0.0004,0.007
1.770109,0.0010,-0.0076,-0.0004,0.008
1.788587,-0.0002,-0.0050,-0.0016,0.005
1.807778,0.0142,-0.0002,0.0042,0.015
1.827067,0.0048,-0.0048,0.0018,0.007
1.845523,0.0047,-0.0022,-0.0018,0.005
1.864269,0.0130,-0.0011,-0.0041,0.014
1.883659,0.0047,-0.0033,0.0008,0.006
1.903382,0.0048,0.0005,-0.0052,0.007
1.921533,0.0060,-0.0033,0.0044,0.008
1.941246,0.0072,-0.0041,0.0020,0.009
1.959848,0.0106,-0.0005,-0.0004,0.011
1.978989,0.0047,-0.0016,-0.0089,0.010
1.997795,0.0035,-0.0065,0.0008,0.007
2.017430,0.0106,-0.0029,-0.0029,0.011
2.036487,0.0069,-0.0042,-0.0017,0.008
2.055404,0.0081,-0.0006,0.0032,0.009
2.074695,0.0068,-0.0065,-0.0067,0.012
2.093488,0.0057,-0.0008,-0.0052,0.008
2.112438,0.0045,-0.0018,-0.0040,0.006
2.131431,0.0079,-0.0040,-0.0076,0.012
2.149998,0.0103,-0.0018,-0.0006,0.010
2.169222,0.0090,-0.0043,0.0020,0.010
2.188357,0.0089,0.0043,0.0032,0.010
2.208141,0.0077,-0.0003,0.0008,0.008
2.226293,0.0099,0.0011,-0.0016,0.010
2.245431,0.0089,-0.0050,-0.0053,0.012
2.266051,0.0101,0.0069,-0.0026,0.013
2.284467,0.0028,-0.0052,-0.0065,0.009
2.302424,0.0123,-0.0029,0.0006,0.013
2.321265,0.0074,-0.0050,-0.0064,0.011
2.341309,0.0074,-0.0042,0.0068,0.011
2.360253,0.0086,0.0019,0.0008,0.009
2.379377,0.0049,-0.0041,-0.0016,0.007
2.397441,0.0095,-0.0052,0.0032,0.011
2.417554,0.0036,-0.0064,-0.0004,0.007
2.436206,0.0035,-0.0017,-0.0004,0.004
2.454286,0.0083,-0.0017,-0.0028,0.009
2.474493,0.0096,0.0054,-0.0004,0.011
2.493308,0.0086,-0.0042,-0.0030,0.010
2.512674,0.0027,-0.0055,-0.0016,0.006
2.530610,0.0063,-0.0043,-0.0030,0.008
2.549994,0.0124,-0.0031,-0.0018,0.013
2.568948,0.0135,-0.0045,0.0006,0.014
2.588765,0.0085,-0.0056,0.0018,0.010
2.607277,0.0062,-0.0034,-0.0004,0.007
2.626696,0.0087,-0.0024,0.0030,0.009
2.645544,0.0052,-0.0015,0.0033,0.006
2.664334,0.0029,-0.0037,0.0020,0.005
2.683154,0.0077,0.0010,-0.0016,0.008
2.702707,0.0100,-0.0039,-0.0028,0.011
2.721251,0.0123,-0.0051,-0.0004,0.013
2.740404,0.0076,-0.0040,0.0032,0.009
2.760279,0.0112,-0.0017,0.0032,0.012
2.778384,0.0064,0.0005,0.0020,0.007
2.798794,0.0100,-0.0041,-0.0042,0.012
2.816767,0.0077,-0.0054,-0.0066,0.011
2.836024,0.0054,-0.0092,-0.0078,0.013
2.854461,0.0114,-0.0047,-0.0030,0.013
2.873806,0.0101,0.0015,0.0055,0.012
2.892547,0.0113,-0.0057,-0.0042,0.013
2.913025,0.0078,-0.0081,0.0032,0.012
2.931469,0.0055,-0.0033,0.0008,0.006
2.949936,0.0032,-0.0012,-0.0063,0.007
2.968076,0.0090,-0.0060,-0.0016,0.011
2.988073,0.0054,-0.0038,0.0055,0.009
3.007085,0.0125,-0.0049,0.0006,0.013
3.026163,0.0081,-0.0000,-0.0016,0.008
3.049412,0.0045,-0.0010,-0.0051,0.007
3.063821,0.0045,-0.0032,-0.0088,0.010
3.082841,0.0093,-0.0034,-0.0004,0.010
3.102113,0.0129,0.0026,-0.0064,0.015
3.120961,0.0103,-0.0118,0.0030,0.016
3.139533,0.0056,-0.0072,0.0020,0.009
3.160047,0.0117,-0.0084,-0.0031,0.015
3.178606,0.0116,-0.0061,-0.0006,0.013
3.197550,0.0067,0.0010,0.0008,0.007
3.216155,0.0091,0.0009,0.0079,0.012
3.235430,0.0053,-0.0013,-0.0027,0.006
3.253737,0.0078,-0.0061,-0.0004,0.010
3.274048,0.0054,-0.0097,-0.0042,0.012
3.292561,0.0042,-0.0060,-0.0052,0.009
3.312350,0.0092,-0.0084,-0.0006,0.012
3.334199,0.0043,-0.0073,0.0008,0.008
3.349381,0.0007,-0.0060,-0.0030,0.007
3.368552,0.0066,-0.0094,0.0018,0.012
3.388833,0.0079,-0.0059,-0.0054,0.011
3.406919,0.0090,-0.0010,-0.0028,0.010
3.425134,0.0032,-0.0048,0.0008,0.006
3.446018,0.0103,-0.0071,-0.0018,0.013
3.463851,0.0055,-0.0035,-0.0030,0.007
3.482808,0.0032,-0.0035,0.0008,0.005
3.502349,0.0127,-0.0082,-0.0018,0.015
3.521129,0.0055,0.0025,-0.0016,0.006
3.540603,0.0068,-0.0059,-0.0042,0.010
3.559348,0.0080,-0.0011,-0.0016,0.008
3.578099,0.0189,-0.0022,-0.0030,0.019
3.598427,0.0058,-0.0011,-0.0064,0.009
3.615744,0.0117,-0.0035,-0.0040,0.013
3.635616,0.0082,-0.0047,0.0008,0.009
3.653849,0.0022,-0.0057,-0.0040,0.007
3.673960,0.0117,-0.0032,-0.0016,0.012
3.692263,0.0045,-0.0056,0.0008,0.007
3.712175,0.0069,-0.0020,0.0033,0.008
3.730997,0.0104,-0.0043,0.0042,0.012
3.749299,0.0081,-0.0067,0.0008,0.011
3.767535,0.0069,0.0028,-0.0028,0.008
3.787592,0.0044,-0.0032,0.0008,0.005
3.807179,0.0079,-0.0031,-0.0016,0.009
3.825679,0.0091,-0.0044,0.0008,0.010
3.844629,0.0044,-0.0044,0.0008,0.006
3.864624,0.0080,0.0002,0.0044,0.009
3.883097,0.0056,-0.0057,0.0032,0.009
3.901211,0.0067,-0.0020,-0.0028,0.008
3.920996,0.0091,-0.0069,0.0018,0.012
3.939856,0.0089,-0.0055,-0.0042,0.011
3.959518,0.0076,-0.0028,0.0020,0.008
3.977577,0.0098,-0.0016,-0.0028,0.010
3.997605,0.0111,-0.0028,0.0042,0.012
4.015878,0.0028,-0.0050,0.0008,0.006
4.034167,0.0098,-0.0002,-0.0040,0.011
4.053524,0.0098,-0.0038,0.0018,0.011
4.073585,0.0050,0.0043,0.0068,0.009
4.092805,0.0098,-0.0063,-0.0042,0.012
4.111844,0.0073,-0.0039,-0.0016,0.008
4.130526,0.0038,-0.0004,-0.0016,0.004
4.149757,0.0099,-0.0029,0.0018,0.010
4.167887,0.0064,0.0019,0.0056,0.009
4.188005,0.0134,-0.0052,0.0030,0.015
4.206797,0.0073,0.0018,-0.0040,0.009
4.225725,0.0108,0.0031,-0.0016,0.011
4.244725,0.0097,-0.0065,0.0008,0.012
4.263823,0.0073,0.0007,0.0032,0.008
4.282345,0.0060,0.0006,-0.0028,0.007
4.301520,0.0073,0.0004,-0.0076,0.011
4.321969,0.0110,0.0004,0.0020,0.011
4.339035,0.0062,-0.0021,-0.0028,0.007
4.358450,0.0097,-0.0021,0.0006,0.010
4.377173,0.0145,0.0002,0.0031,0.015
4.398145,0.0121,-0.0011,-0.0054,0.013
4.415891,0.0097,-0.0034,-0.0042,0.011
4.434292,0.0155,-0.0044,-0.0091,0.019
4.453092,0.0071,-0.0093,-0.0006,0.012
4.473545,0.0071,-0.0022,-0.0040,0.008
4.491716,0.0035,0.0015,-0.0015,0.004
4.511541,0.0071,-0.0083,0.0030,0.011
4.530748,0.0035,-0.0082,-0.0006,0.009
4.549353,0.0071,-0.0035,0.0007,0.008
4.567298,0.0035,-0.0058,-0.0076,0.010
4.587725,0.0060,-0.0020,0.0008,0.006
4.606559,0.0013,-0.0019,-0.0040,0.005
4.624697,0.0074,-0.0009,0.0008,0.007
4.644383,0.0086,-0.0034,0.0079,0.012
4.663462,0.0110,-0.0043,0.0030,0.012
4.682821,0.0087,-0.0031,-0.0028,0.010
4.701201,0.0122,0.0039,-0.0016,0.013
4.720960,0.0076,-0.0021,0.0055,0.010
4.739274,0.0039,-0.0080,-0.0006,0.009
4.757367,0.0073,-0.0067,-0.0006,0.010
4.777518,0.0108,-0.0019,-0.0064,0.013
4.797099,0.0060,-0.0055,-0.0054,0.010
4.816544,0.0026,-0.0009,-0.0015,0.003
4.834808,0.0074,0.0075,0.0020,0.011
4.853461,0.0085,-0.0009,0.0018,0.009
4.872928,0.0074,-0.0045,-0.0042,0.010
4.891510,0.0086,-0.0011,0.0057,0.010
4.911125,0.0074,-0.0010,-0.0078,0.011
4.930270,0.0063,-0.0090,-0.0004,0.011
4.949030,0.0076,-0.0056,0.0030,0.010
4.967668,0.0073,-0.0016,-0.0052,0.009
4.987021,0.0072,-0.0029,-0.0006,0.008
5.005612,0.0013,-0.0004,-0.0016,0.002
5.025602,0.0075,0.0020,-0.0016,0.008
5.043750,0.0075,-0.0038,-0.0030,0.009
5.063351,0.0028,0.0033,0.0057,0.007
5.082966,0.0087,-0.0037,-0.0043,0.010
5.100741,0.0121,-0.0001,0.0032,0.013
5.121334,0.0085,-0.0035,0.0020,0.009
5.139083,0.0060,0.0013,0.0020,0.006
5.157644,0.0023,-0.0009,0.0020,0.003
5.177135,0.0034,-0.0009,-0.0004,0.004
5.196658,0.0130,0.0003,-0.0004,0.013
5.215332,0.0058,-0.0044,-0.0040,0.008
5.235490,0.0058,0.0015,-0.0016,0.006
5.253692,0.0105,-0.0032,0.0018,0.011
5.273858,0.0058,0.0050,0.0033,0.008
5.291538,0.0081,0.0028,-0.0004,0.009
5.310856,0.0093,0.0033,-0.0063,0.012
5.330145,0.0128,-0.0042,-0.0007,0.013
5.349042,0.0068,-0.0022,0.0068,0.010
5.367192,0.0043,0.0042,-0.0028,0.007
5.386410,0.0066,0.0028,0.0080,0.011
5.408958,0.0065,-0.0040,0.0032,0.008
5.423734,0.0089,0.0007,-0.0004,0.009
5.444337,0.0031,0.0028,0.0081,0.009
5.462562,0.0172,0.0031,-0.0028,0.018
5.482276,0.0052,-0.0006,0.0056,0.008
5.500629,0.0027,-0.0057,0.0056,0.008
5.519670,0.0076,-0.0033,0.0056,0.010
5.538816,0.0049,-0.0044,-0.0040,0.008
5.557408,0.0037,-0.0045,-0.0040,0.007
5.577000,0.0048,-0.0023,-0.0052,0.007
5.596605,0.0048,0.0002,-0.0004,0.005
5.615140,0.0000,-0.0009,-0.0076,0.008
5.633702,0.0060,0.0026,0.0032,0.007
5.653401,0.0060,-0.0082,-0.0040,0.011
5.671523,0.0107,-0.0002,0.0043,0.012
5.690615,0.0057,0.0000,-0.0015,0.006
5.710903,0.0035,0.0012,-0.0052,0.006
5.728932,0.0107,-0.0023,0.0017,0.011
5.748396,0.0060,-0.0011,0.0008,0.006
5.767303,0.0086,-0.0047,0.0044,0.011
5.786289,0.0083,-0.0048,0.0032,0.010
5.804636,0.0048,-0.0001,0.0045,0.007
5.824453,0.0046,-0.0060,-0.0030,0.008
5.843996,0.0082,0.0082,0.0009,0.012
5.862146,0.0105,0.0013,-0.0052,0.012
5.882154,0.0115,-0.0014,0.0007,0.012
5.900470,0.0030,-0.0063,0.0031,0.008
5.919601,0.0064,0.0012,0.0033,0.007
5.938844,0.0061,0.0000,-0.0016,0.006
5.958408,-0.0011,-0.0059,-0.0028,0.007
5.976711,-0.0023,-0.0057,-0.0078,0.010
5.996162,0.0084,0.0005,-0.0054,0.010
6.014745,-0.0023,-0.0056,0.0020,0.006
6.034321,0.0074,-0.0042,-0.0006,0.008
6.053199,0.0060,-0.0039,-0.0006,0.007
6.072351,0.0037,-0.0052,0.0006,0.006
6.090989,0.0049,-0.0040,-0.0054,0.008
6.110479,0.0108,-0.0019,0.0006,0.011
6.129432,0.0071,-0.0029,-0.0040,0.009
6.148761,0.0057,-0.0052,-0.0030,0.008
6.167496,0.0056,-0.0019,0.0019,0.006
6.185965,0.0031,-0.0079,-0.0042,0.009
6.204040,0.0031,-0.0016,-0.0016,0.004
6.226543,0.0078,-0.0030,-0.0042,0.009
6.243650,0.0053,-0.0042,-0.0005,0.007
6.261659,0.0029,-0.0052,-0.0042,0.007
6.281924,0.0018,-0.0019,0.0019,0.003
6.299707,0.0019,0.0040,-0.0088,0.010
6.320117,0.0067,-0.0019,0.0031,0.008
6.337547,-0.0003,-0.0018,-0.0016,0.002
6.357761,0.0080,-0.0018,-0.0018,0.008
6.376016,0.0021,-0.0065,-0.0004,0.007
6.396010,0.0023,-0.0007,0.0043,0.005
6.414950,0.0009,-0.0005,-0.0040,0.004
6.435241,0.0033,-0.0017,0.0020,0.004
6.452702,0.0091,0.0019,0.0019,0.010
6.471794,0.0054,-0.0031,0.0031,0.007
6.490579,0.0018,-0.0005,0.0055,0.006
6.510347,0.0015,0.0006,0.0007,0.002
6.528989,0.0037,0.0006,-0.0005,0.004
6.548258,0.0024,0.0009,-0.0064,0.007
6.567005,0.0060,-0.0051,-0.0006,0.008
6.585981,0.0048,-0.0041,0.0006,0.006
6.603947,0.0047,-0.0029,-0.0028,0.006
6.623680,0.0083,-0.0075,0.0030,0.012
6.643729,0.0081,0.0007,0.0055,0.010
6.661504,0.0093,-0.0017,0.0007,0.009
6.681626,0.0033,-0.0004,-0.0052,0.006
6.700396,0.0020,0.0019,-0.0017,0.003
6.719490,0.0021,0.0004,0.0055,0.006
6.739099,0.0067,-0.0042,-0.0066,0.010
6.757455,0.0044,-0.0007,-0.0017,0.005
6.775711,0.0093,-0.0032,-0.0008,0.010
6.795447,0.0080,-0.0018,-0.0017,0.008
6.814241,0.0080,0.0005,-0.0053,0.010
6.837127,0.0044,-0.0066,-0.0029,0.008
6.852201,0.0068,-0.0053,0.0042,0.010
6.871374,0.0021,0.0029,0.0019,0.004
6.890435,0.0081,-0.0030,-0.0041,0.010
6.909998,0.0009,-0.0042,0.0031,0.005
6.928829,0.0069,-0.0006,0.0019,0.007
6.948084,0.0034,-0.0050,-0.0030,0.007
6.966798,0.0071,-0.0015,0.0006,0.007
6.986574,0.0036,0.0009,-0.0016,0.004
7.003894,0.0061,-0.0062,0.0018,0.009
7.024760,0.0073,-0.0028,-0.0016,0.008
7.043168,0.0024,-0.0015,-0.0040,0.005
7.061239,-0.0011,-0.0004,-0.0004,0.001
7.081254,0.0096,-0.0026,-0.0042,0.011
7.099981,0.0059,0.0010,0.0019,0.006
7.119068,0.0024,-0.0060,-0.0028,0.007
7.137790,0.0059,0.0001,-0.0018,0.006
7.156956,0.0081,-0.0024,0.0020,0.009
7.175917,0.0068,-0.0023,-0.0004,0.007
7.194849,0.0078,-0.0013,0.0055,0.010
7.214043,0.0028,-0.0002,-0.0040,0.005
7.232791,0.0099,-0.0049,0.0028,0.011
7.252172,0.0027,-0.0036,0.0019,0.005
7.271434,0.0063,-0.0010,0.0006,0.006
7.289686,0.0097,0.0073,0.0007,0.012
7.309064,0.0072,0.0023,0.0078,0.011
7.327983,0.0082,-0.0057,-0.0043,0.011
7.346943,0.0045,-0.0046,-0.0030,0.007
7.366293,0.0080,-0.0067,0.0040,0.011
7.385644,0.0033,0.0017,0.0019,0.004
7.404763,0.0019,0.0005,-0.0052,0.006
7.422765,0.0092,-0.0019,-0.0006,0.009
7.442315,0.0080,-0.0079,-0.0033,0.012
7.461800,0.0031,0.0018,-0.0040,0.005
7.480397,0.0007,-0.0029,-0.0004,0.003
7.498900,0.0031,-0.0018,-0.0006,0.004
7.519386,0.0055,0.0030,-0.0030,0.007
7.537668,0.0066,-0.0051,-0.0091,0.012
7.556454,0.0005,-0.0018,0.0006,0.002
7.575897,0.0065,-0.0005,-0.0030,0.007
7.594574,0.0041,0.0029,-0.0018,0.005
7.613730,0.0017,0.0017,0.0007,0.003
7.633291,0.0018,-0.0052,-0.0031,0.006
7.652026,0.0018,0.0018,-0.0028,0.004
7.672729,0.0103,-0.0029,-0.0031,0.011
7.690094,0.0056,-0.0019,0.0079,0.010
7.709031,0.0021,0.0041,0.0055,0.007
7.727985,0.0068,0.0006,0.0018,0.007
7.747577,0.0068,-0.0030,-0.0005,0.007
7.766420,0.0019,0.0007,-0.0076,0.008
7.785480,0.0069,-0.0043,0.0066,0.010
7.804197,0.0055,-0.0052,-0.0055,0.009
7.822895,-0.0006,-0.0041,-0.0016,0.004
7.842142,0.0066,-0.0004,0.0030,0.007
7.860708,-0.0018,-0.0039,-0.0004,0.004
7.880751,0.0080,-0.0015,-0.0004,0.008
7.899115,0.0114,-0.0001,-0.0067,0.013
7.918814,0.0054,-0.0027,-0.0006,0.006
7.937176,0.0053,-0.0040,-0.0043,0.008
7.957229,0.0029,-0.0005,0.0031,0.004
7.975651,0.0065,0.0008,-0.0018,0.007
7.993911,-0.0006,-0.0064,-0.0031,0.007
8.013694,0.0054,-0.0052,0.0042,0.009
8.033305,0.0126,-0.0038,0.0003,0.013
8.052045,0.0125,-0.0004,-0.0019,0.013
8.071030,0.0066,-0.0015,0.0042,0.008
8.089197,0.0065,-0.0075,-0.0009,0.010
8.108063,-0.0006,-0.0004,-0.0004,0.001
8.127675,0.0054,-0.0042,0.0052,0.009
8.146968,0.0006,-0.0063,-0.0043,0.008
8.166093,0.0053,-0.0026,0.0042,0.007
8.185158,-0.0005,-0.0004,-0.0016,0.002
8.204010,0.0066,-0.0088,0.0075,0.013
8.222570,0.0042,0.0007,-0.0006,0.004
8.242696,0.0064,0.0020,0.0006,0.007
8.260329,0.0016,-0.0003,-0.0052,0.005
8.280726,0.0089,-0.0026,-0.0030,0.010
8.298643,0.0053,0.0021,-0.0004,0.006
8.318923,0.0016,-0.0064,0.0028,0.007
8.338126,0.0016,-0.0061,-0.0078,0.010
8.356581,0.0027,0.0010,0.0020,0.003
8.374797,0.0076,-0.0002,0.0030,0.008
8.394417,0.0015,0.0000,-0.0040,0.004
8.412817,0.0051,-0.0024,0.0020,0.006
8.432890,0.0049,-0.0022,0.0006,0.005
8.451764,0.0003,0.0001,-0.0040,0.004
8.470994,0.0040,0.0000,-0.0040,0.006
8.489022,0.0029,-0.0060,0.0017,0.007
8.507792,0.0089,-0.0013,0.0030,0.009
8.527540,0.0076,-0.0011,-0.0040,0.009
8.547260,0.0064,-0.0000,-0.0006,0.006
8.565421,-0.0019,-0.0025,0.0043,0.005
8.585080,0.0028,-0.0026,-0.0018,0.004
8.604526,0.0029,-0.0026,-0.0040,0.006
8.622803,0.0077,0.0011,-0.0018,0.008
8.643083,0.0053,-0.0012,-0.0028,0.006
8.661484,0.0135,-0.0011,-0.0031,0.014
8.680345,0.0074,-0.0048,-0.0054,0.010
8.699179,0.0004,-0.0022,-0.0054,0.006
8.718620,0.0040,-0.0011,0.0032,0.005
8.736490,0.0039,-0.0035,0.0006,0.005
8.758912,-0.0009,-0.0073,0.0005,0.007
8.774523,0.0074,-0.0024,-0.0018,0.008
8.794733,0.0051,0.0000,-0.0004,0.005
8.813307,0.0086,-0.0020,-0.0055,0.010
8.832374,0.0086,-0.0053,-0.0055,0.012
8.851603,-0.0010,0.0017,-0.0028,0.003
8.870409,0.0074,-0.0041,-0.0019,0.009
8.889031,0.0110,-0.0016,-0.0033,0.012
8.909457,0.0013,0.0029,0.0068,0.007
8.927704,0.0049,0.0030,0.0032,0.007
8.947223,0.0037,0.0019,-0.0016,0.004
8.965023,0.0097,-0.0042,-0.0018,0.011
8.984939,0.0036,-0.0031,0.0006,0.005
9.003902,0.0011,0.0003,0.0056,0.006
9.023092,0.0061,-0.0006,0.0042,0.007
9.042351,0.0023,-0.0019,0.0044,0.005
9.060414,0.0180,0.0054,-0.0078,0.020
9.080555,0.0037,0.0006,0.0020,0.004
9.100469,0.0110,-0.0007,0.0054,0.012
9.118423,0.0108,-0.0040,-0.0045,0.012
9.136690,0.0097,-0.0102,-0.0021,0.014
9.155754,-0.0010,-0.0041,-0.0006,0.004
9.176929,0.0088,-0.0030,0.0018,0.009
9.194043,0.0089,-0.0020,0.0054,0.011
9.213185,0.0090,0.0038,0.0032,0.010
9.232333,0.0056,-0.0034,0.0030,0.007
9.251810,0.0117,0.0003,-0.0054,0.013
9.269910,0.0057,-0.0023,-0.0018,0.006
9.288948,0.0058,-0.0035,-0.0078,0.010
9.308318,0.0082,-0.0034,0.0030,0.009
9.327709,0.0083,-0.0031,-0.0042,0.010
9.346853,0.0048,-0.0032,0.0005,0.006
9.365521,0.0085,-0.0020,0.0042,0.010
9.384565,0.0074,-0.0010,0.0066,0.010
9.403678,0.0074,0.0014,0.0032,0.008
9.422892,0.0061,-0.0024,-0.0054,0.008
9.441598,0.0110,0.0046,0.0032,0.012
9.459957,0.0086,-0.0050,0.0006,0.010
9.479220,0.0123,-0.0037,-0.0043,0.014
9.498480,0.0086,-0.0027,0.0054,0.011
9.518607,0.0040,-0.0014,-0.0016,0.005
9.536447,0.0052,-0.0016,0.0042,0.007
9.555698,0.0016,-0.0015,0.0030,0.004
9.574243,0.0039,-0.0028,-0.0064,0.008
9.593329,0.0111,-0.0016,0.0017,0.011
9.612493,0.0075,-0.0040,-0.0067,0.011
9.631219,0.0110,0.0018,-0.0076,0.014
9.651332,0.0111,0.0006,-0.0042,0.012
9.670174,0.0086,-0.0030,0.0054,0.011
9.688916,0.0121,-0.0043,0.0005,0.013
9.708849,0.0072,-0.0019,0.0018,0.008
9.726132,0.0095,-0.0043,-0.0007,0.010
9.746635,0.0157,-0.0019,0.0006,0.016
9.764514,0.0097,-0.0032,0.0066,0.012
9.783679,0.0120,0.0004,-0.0018,0.012
9.803274,0.0074,0.0039,0.0008,0.008
9.821770,0.0088,-0.0020,0.0043,0.010
9.841603,0.0101,0.0015,0.0008,0.010
9.859914,0.0101,0.0037,0.0019,0.011
9.878994,0.0125,-0.0010,-0.0031,0.013
9.898435,0.0138,-0.0031,-0.0043,0.015
9.918644,0.0089,0.0040,-0.0040,0.011
9.936916,0.0092,0.0028,-0.0040,0.010
9.956787,0.0116,-0.0008,0.0018,0.012
9.974380,0.0116,-0.0099,-0.0081,0.017
9.993439,0.0091,-0.0029,-0.0052,0.011
10.012146,0.0103,0.0040,0.0054,0.012
10.031799,0.0080,-0.0089,0.0066,0.014
10.050661,0.0128,-0.0064,0.0041,0.015
10.069940,0.0057,0.0007,0.0032,0.007
10.089099,0.0131,-0.0041,-0.0018,0.014
10.108682,0.0095,-0.0043,-0.0019,0.011
10.126437,0.0143,0.0004,0.0006,0.014
10.145927,0.0130,-0.0068,0.0003,0.015
10.164544,0.0092,-0.0009,0.0042,0.010
10.184140,0.0092,0.0014,0.0020,0.009
10.202926,0.0032,-0.0059,0.0042,0.008
10.222499,0.0078,-0.0068,-0.0018,0.010
10.240577,0.0102,-0.0076,-0.0105,0.016
10.260481,0.0114,0.0016,0.0020,0.012
10.279383,0.0066,-0.0090,-0.0019,0.011
10.297829,0.0090,0.0005,0.0020,0.009
10.317858,0.0077,-0.0054,-0.0007,0.009
10.336426,0.0053,-0.0053,-0.0030,0.008
10.355362,0.0124,-0.0016,0.0042,0.013
10.373102,0.0088,-0.0027,0.0030,0.010
10.393054,0.0122,-0.0039,-0.0054,0.014
10.411789,0.0122,-0.0014,-0.0043,0.013
10.430899,0.0050,-0.0050,0.0030,0.008
10.450514,0.0097,-0.0013,0.0020,0.010
10.469242,0.0109,-0.0071,-0.0019,0.013
10.487764,0.0132,-0.0024,0.0005,0.013
10.507273,0.0085,-0.0009,0.0042,0.009
10.525981,0.0097,-0.0066,-0.0009,0.012
10.545453,0.0132,0.0031,-0.0006,0.014
10.564135,0.0156,-0.0016,-0.0031,0.016
10.583308,0.0083,-0.0027,-0.0018,0.009
10.604106,0.0095,-0.0002,-0.0018,0.010
10.621542,0.0072,0.0022,-0.0052,0.009
10.641696,0.0098,0.0022,0.0006,0.010
10.658974,0.0112,-0.0014,0.0018,0.011
10.677939,0.0041,0.0010,0.0032,0.005
10.697154,0.0038,-0.0086,0.0006,0.009
10.717238,0.0107,-0.0095,0.0027,0.015
10.735932,0.0057,-0.0088,-0.0043,0.011
10.755494,0.0109,-0.0050,0.0039,0.013
10.774043,0.0117,-0.0035,-0.0019,0.012
10.793111,0.0141,-0.0054,-0.0008,0.015
10.813244,0.0070,-0.0040,-0.0056,0.010
10.831256,0.0069,-0.0029,0.0018,0.008
10.850736,0.0091,-0.0106,-0.0034,0.014
10.869359,0.0084,-0.0005,-0.0103,0.013
10.888661,0.0183,-0.0036,0.0016,0.019
10.908388,0.0044,-0.0019,0.0005,0.005
10.926390,0.0157,-0.0047,-0.0070,0.018
10.944655,0.0075,-0.0048,-0.0092,0.013
10.964256,0.0020,-0.0082,-0.0069,0.011
10.983465,0.0047,-0.0058,-0.0032,0.008
11.003164,0.0054,-0.0073,-0.0092,0.013
11.022278,0.0126,-0.0085,-0.0095,0.018
11.041188,0.0032,-0.0291,-0.0087,0.031
11.059627,0.0164,0.0180,0.0101,0.026
11.078905,0.0018,-0.0059,-0.0057,0.008
11.098625,0.0128,0.0074,0.0028,0.015
11.116603,0.0248,-0.0014,0.0071,0.026
11.135709,0.0174,-0.0409,-0.0165,0.047
11.155385,0.0046,0.0044,-0.0056,0.008
11.173325,0.0015,0.0129,0.0007,0.013
11.192795,0.0071,0.0052,0.0056,0.010
11.211842,0.0137,0.0042,0.0164,0.022
11.231450,0.0153,0.0565,0.0211,0.062
11.249568,0.0032,-0.0168,0.0137,0.022
11.268483,0.0094,-0.0152,0.0137,0.022
11.288469,0.0047,-0.0038,0.0164,0.017
11.307193,-0.0038,-0.0034,-0.0029,0.006
11.326140,0.0140,0.0132,-0.0100,0.022
11.345517,0.0102,-0.0044,-0.0021,0.011
11.365297,0.0108,-0.0029,-0.0020,0.011
11.383172,0.0107,-0.0062,-0.0010,0.012
11.401635,0.0056,-0.0038,-0.0020,0.007
11.422515,0.0087,-0.0064,0.0062,0.012
11.440482,0.0130,-0.0103,0.0000,0.017
11.461981,0.0127,-0.0036,0.0027,0.014
11.477791,0.0114,0.0057,0.0076,0.015
11.499417,0.0004,-0.0022,-0.0090,0.009
11.516946,0.0101,0.0013,0.0015,0.010
11.535443,0.0113,0.0113,-0.0031,0.016
11.554996,0.0030,0.0025,-0.0055,0.007
11.573750,0.0157,-0.0016,0.0073,0.017
11.592512,0.0075,-0.0005,-0.0009,0.008
11.611124,0.0065,-0.0040,0.0064,0.010
11.632761,0.0225,-0.0086,0.0060,0.025
11.651120,0.0068,-0.0016,0.0005,0.007
11.669449,0.0027,0.0022,-0.0067,0.008
11.688701,0.0044,-0.0080,-0.0032,0.010
11.706590,0.0043,-0.0023,-0.0102,0.011
11.726435,0.0166,-0.0044,0.0003,0.017
11.747392,0.0208,0.0053,0.0089,0.023
11.764135,0.0063,0.0106,-0.0038,0.013
11.782834,0.0098,-0.0002,-0.0063,0.012
11.800981,0.0133,-0.0072,0.0043,0.016
11.821190,-0.0274,-0.0105,-0.0036,0.030
11.840550,-0.0607,-0.0275,0.0014,0.067
11.859072,-0.0469,-0.0340,-0.0124,0.059
11.878830,-0.0115,-0.0162,-0.0271,0.034
11.897119,-0.0370,-0.0289,0.0102,0.048
11.916710,0.0566,0.0055,0.0023,0.057
11.935695,0.0069,-0.0017,0.0114,0.013
11.954980,0.0387,-0.0148,0.0649,0.077
11.977463,0.0927,-0.0581,0.0293,0.113
11.997762,0.0084,-0.2804,-0.0797,0.292
12.016384,0.0266,-0.1656,0.0045,0.168
12.035385,0.0782,-0.0666,0.0409,0.111
12.054554,-0.0704,-0.1003,0.0371,0.128
12.075452,-0.2823,-0.0494,-0.0486,0.291
12.091829,-0.2800,-0.1057,0.0254,0.300
12.111713,-0.0339,0.0331,0.2701,0.274
12.129694,0.2102,-0.0576,0.5538,0.595
12.149025,0.4649,-0.1394,0.5200,0.711
12.172286,0.5128,0.1348,0.4534,0.698
12.187394,0.5194,0.0866,0.7060,0.881
12.207016,0.5179,-0.0309,0.8743,1.017
12.225822,0.3739,-0.0493,0.5570,0.673
12.245394,0.1519,-0.0357,0.2140,0.265
12.263791,-0.0570,-0.0074,0.1369,0.148
12.282620,-0.0923,-0.0384,0.2159,0.238
12.301567,-0.1330,0.0927,0.1925,0.252
12.321382,-0.4057,0.1314,0.1162,0.442
12.342143,-0.1195,0.0266,0.0870,0.150
12.360141,0.1294,-0.0135,0.1091,0.170
12.377154,0.2500,0.0870,0.2551,0.368
12.396707,0.3494,0.0479,0.3498,0.497
12.415911,0.3700,0.1087,0.6021,0.715
12.434039,0.3876,0.0410,0.8419,0.928
12.453600,0.2929,0.0279,0.5810,0.651
12.473676,0.0244,0.0528,0.2482,0.255
12.491914,-0.1050,0.1424,0.3578,0.399
12.511116,-0.0345,0.0644,0.4623,0.468
12.530158,0.2370,0.0352,0.3275,0.406
12.549882,0.2547,-0.0385,0.2613,0.367
12.567887,0.1094,-0.0826,0.1708,0.219
12.586815,0.0583,-0.0037,0.2922,0.298
12.607221,0.0045,0.0210,0.5637,0.564
12.625463,-0.1219,0.0494,0.4037,0.425
12.644908,-0.0997,-0.0243,0.0669,0.123
12.663452,-0.0891,0.0628,-0.1241,0.165
12.683626,-0.1185,-0.0467,-0.1095,0.168
12.700600,-0.0121,-0.1671,-0.2704,0.318
12.720953,-0.1214,-0.0284,-0.2786,0.305
12.739281,-0.2243,0.0427,0.2103,0.310
12.758873,0.0080,0.0491,0.3470,0.351
12.777465,0.1510,-0.0260,0.0229,0.155
12.797219,-0.0339,0.0242,-0.3155,0.318
12.814896,-0.1189,0.0348,-0.2307,0.262
12.834376,-0.2120,-0.0917,0.2007,0.306
12.853849,-0.4242,0.0438,0.3853,0.575
12.873677,-0.5205,0.2015,0.3751,0.672
12.891975,-0.3436,0.1464,0.3780,0.531
12.910830,-0.3659,0.1588,0.3870,0.556
12.929808,-0.1106,0.1423,0.4303,0.467
12.948989,0.2621,0.1258,0.3979,0.493
12.967926,0.0627,0.1450,0.3635,0.396
12.986827,-0.2780,0.0739,0.3235,0.433
13.006675,-0.0654,0.1366,0.4739,0.498
13.026360,0.1413,0.3677,0.7518,0.849
13.044434,0.2140,0.2518,1.0013,1.054
13.064063,0.1509,0.2686,0.9366,0.986
13.081580,0.2977,0.2713,0.5073,0.648
13.101163,0.4445,0.1989,0.1521,0.510
13.120971,0.1617,0.1567,0.1705,0.282
13.139928,-0.1558,0.2037,0.5029,0.565
13.158262,0.1577,0.1059,0.5587,0.590
13.176528,0.2936,0.1262,0.2530,0.408
13.196874,-0.2006,0.1026,-0.0992,0.246
13.214813,-0.3523,0.0008,-0.1310,0.376
13.234018,-0.0241,0.0231,-0.1245,0.129
13.253158,0.3853,-0.0193,-0.1192,0.404
13.271955,0.4154,-0.2635,-0.0663,0.496
13.291503,-0.1733,-0.1003,-0.1037,0.225
13.310987,-0.3821,0.1375,0.0003,0.406
13.329552,-0.1765,-0.0785,0.0260,0.195
13.349833,-0.2134,-0.1927,-0.1559,0.327
13.367367,-0.5033,0.0085,-0.2046,0.543
13.386480,-0.2542,0.0412,0.1143,0.282
13.405518,-0.1908,-0.0836,0.1123,0.237
13.424625,-0.2028,-0.2704,-0.2148,0.400
13.444170,-0.0157,-0.1485,-0.5609,0.580
13.462839,0.0166,-0.0665,-0.1952,0.207
13.481543,-0.0830,-0.2495,0.1292,0.293
13.500735,-0.3478,-0.1106,0.0814,0.374
13.519888,-0.0320,0.1107,0.0808,0.141
13.538723,0.2941,-0.0887,0.3025,0.431
13.558758,0.3928,-0.2862,0.3400,0.593
13.576497,0.3333,-0.2167,0.1816,0.437
13.596121,0.1329,-0.1296,0.0838,0.204
13.615072,-0.0463,-0.0849,0.2273,0.247
13.634683,0.0127,-0.1749,0.2086,0.272
13.653335,0.3779,-0.1679,0.0770,0.421
13.672083,-0.0075,0.1365,0.1461,0.200
13.691354,-0.6142,0.1522,0.3363,0.717
13.710173,-0.2738,-0.2005,0.2242,0.407
13.730122,-0.0257,0.2087,0.0715,0.222
13.747578,0.3590,0.1963,0.4746,0.627
13.767875,0.2752,0.0099,0.5099,0.580
13.786402,-0.2044,0.0210,0.1570,0.259
13.805026,0.1689,-0.1375,-0.0614,0.226
13.825736,0.3643,0.0244,-0.0882,0.376
13.843511,0.4926,-0.1414,0.0711,0.517
13.862382,0.2678,-0.1440,0.0639,0.311
13.881296,-0.0135,0.0840,-0.0886,0.123
13.900170,-0.0872,0.0771,0.0252,0.119
13.920015,0.0849,-0.2796,-0.1681,0.337
13.940408,-0.0745,-0.3171,-0.5758,0.662
13.957316,-0.2974,-0.1896,-0.6837,0.769
13.976896,-0.3755,-0.1965,-0.5094,0.663
13.995774,-0.1851,-0.2032,-0.1923,0.335
14.014955,0.0682,-0.1013,0.1023,0.159
14.034402,0.1006,-0.0491,-0.0474,0.122
14.053350,-0.1288,-0.0705,-0.1807,0.233
14.072131,-0.3447,0.0412,-0.0365,0.349
14.090528,-0.0889,0.1239,0.3801,0.410
14.110321,-0.0483,0.0533,0.2543,0.264
14.128373,-0.1056,-0.2654,-0.1823,0.339
14.147520,-0.2678,-0.3448,-0.4360,0.617
14.168167,-0.3097,-0.0645,-0.3410,0.465
14.186739,-0.0220,-0.1212,-0.1736,0.213
14.204982,0.1565,-0.2415,-0.3866,0.482
14.224377,-0.1252,-0.1679,-0.6028,0.638
14.242980,-0.1799,-0.0273,-0.2940,0.346
14.262410,0.2287,-0.0729,0.3482,0.423
14.280807,0.3431,-0.0833,0.4339,0.559
14.300250,0.3108,-0.0027,0.1517,0.346
14.318836,0.1293,-0.0823,0.1766,0.234
14.338626,0.2348,-0.3177,0.1413,0.420
14.357742,0.6352,-0.1134,0.0562,0.648
14.376624,0.6352,0.0290,0.3561,0.729
14.395939,0.4059,-0.1953,0.2596,0.520
14.414622,0.0480,-0.1712,-0.1151,0.212
14.434363,-0.0095,0.1516,0.3183,0.353
14.452612,0.4260,0.2025,0.7930,0.923
14.471800,0.4774,-0.0924,0.3319,0.589
14.490357,-0.1862,0.0107,-0.0427,0.191
14.511202,-0.4755,0.1186,0.1912,0.526
14.529261,-0.1411,0.0582,0.2650,0.306
14.547483,0.1604,0.1027,0.1038,0.217
14.567247,0.0026,0.1585,0.1946,0.251
14.585323,-0.2882,0.1524,0.1677,0.367
14.604520,-0.4543,0.1723,0.0145,0.486
14.623672,-0.6069,0.1166,0.2438,0.664
14.643439,-0.4111,0.2500,0.4338,0.648
14.662048,0.0773,0.5469,0.4216,0.695
14.683039,0.3362,0.3909,0.2423,0.570
14.700084,0.0017,0.0583,-0.2430,0.250
14.718642,-0.5467,0.1183,-0.5288,0.770
14.738011,-0.4253,0.2596,-0.2141,0.542
14.757549,0.1307,0.2579,0.0029,0.289
14.776435,-0.1418,0.1555,-0.3092,0.374
14.795724,-0.3979,-0.0546,-0.7686,0.867
14.814145,-0.2895,-0.0173,-0.8128,0.863
14.833150,-0.1111,0.0642,-0.5192,0.535
14.852940,0.2271,0.0564,-0.2854,0.369
14.871539,0.5054,-0.0708,-0.2230,0.557
14.889715,0.4894,-0.1764,-0.2241,0.566
14.910095,0.3212,-0.0844,-0.1309,0.357
14.928576,0.1908,-0.0847,0.1538,0.259
14.948182,0.0136,-0.2299,0.0653,0.239
14.966576,0.0134,0.0709,0.0067,0.072
14.986447,0.2438,0.0337,0.4046,0.474
15.004707,-0.1167,-0.2262,0.3270,0.414
15.024027,-0.4891,-0.3091,-0.2245,0.621
15.043521,-0.2752,-0.0819,-0.2969,0.413
15.061753,0.3922,-0.2376,-0.1710,0.489
15.083720,0.1737,-0.3862,-0.3943,0.579
15.100024,-0.2139,-0.0466,-0.2062,0.301
15.119808,0.0030,-0.1816,0.1927,0.265
15.137978,-0.0691,-0.1444,-0.2379,0.287
15.158387,0.0107,-0.3245,-0.5035,0.599
15.177098,0.2398,-0.2514,-0.2203,0.411
15.195421,-0.0667,0.0272,0.1530,0.169
15.213468,-0.0658,0.0493,0.3823,0.391
15.233968,0.1159,0.0313,0.2179,0.249
15.252514,0.4590,0.1177,0.1630,0.501
15.271160,0.8455,0.1308,0.0494,0.857
15.290877,0.5265,0.3123,-0.1642,0.634
15.309384,0.0822,0.0866,-0.2849,0.309
15.328242,-0.2750,-0.0852,-0.5580,0.628
15.346903,-0.4956,0.1535,-0.5386,0.748
15.367598,-0.0512,0.1299,-0.2345,0.273
15.384877,0.5426,0.0454,-0.3606,0.653
15.405021,0.3187,0.0016,-0.5407,0.628
15.423655,0.3896,0.0635,-0.3886,0.554
15.442807,1.1075,0.0359,-0.0523,1.109
15.461167,1.2773,-0.3569,-0.2398,1.348
15.480918,0.5182,-0.3929,-0.6750,0.937
15.499072,-0.2320,-0.2719,-0.6744,0.763
15.519205,-0.4531,-0.2824,-0.5376,0.758
15.537952,-0.2958,-0.2110,-0.3474,0.503
15.557178,0.0073,0.0783,0.0296,0.084
15.576075,0.4921,-0.1299,0.2114,0.551
15.594924,0.4443,-0.2572,-0.0033,0.513
15.613862,0.0958,-0.2989,-0.2159,0.381
15.633561,-0.0413,-0.3103,-0.4435,0.543
15.651046,0.2494,-0.2512,-0.6260,0.719
15.670990,0.4645,-0.1127,-0.5187,0.705
15.690347,0.7463,-0.2464,-0.4484,0.905
15.709001,0.6658,-0.2320,-0.7408,1.023
15.728267,0.6295,-0.2937,-0.8809,1.122
15.748679,1.0852,-0.2577,-0.7631,1.351
15.765989,0.9814,0.0808,-0.5809,1.143
15.785595,0.5752,0.0315,-0.5757,0.814
15.804975,0.1938,-0.0008,-0.8966,0.917
15.824233,0.0409,0.1903,-1.0197,1.038
15.842876,0.2358,0.2653,-0.6955,0.781
15.861239,0.0709,0.3578,-0.4662,0.592
15.884878,-0.3014,0.1957,-0.4417,0.569
15.898760,-0.0857,0.1147,-0.4559,0.478
15.917775,0.4343,0.2148,-0.4999,0.696
15.937203,0.6318,0.0722,-0.3043,0.705
15.956914,0.1555,-0.0258,-0.1996,0.254
15.975498,-0.4444,0.0707,-0.3354,0.561
15.994412,-0.2591,-0.0024,-0.3438,0.430
16.013470,0.3245,-0.0942,-0.3211,0.466
16.032841,0.4865,0.1080,-0.1631,0.524
16.053070,0.5402,0.2476,0.2670,0.651
16.071364,0.6585,0.1848,0.4935,0.843
16.089385,0.4228,0.1510,0.3253,0.554
16.109057,0.1188,-0.0897,0.1614,0.220
16.128682,0.1678,-0.2853,0.0054,0.331
16.146884,0.0793,-0.0831,-0.1973,0.228
16.166579,0.0229,0.0486,-0.0156,0.056
16.184458,0.3019,-0.1081,0.1723,0.364
16.204366,0.5586,-0.3178,-0.2345,0.684
16.222425,0.4673,-0.2612,-0.8660,1.018
16.241952,0.4312,-0.2477,-1.1745,1.275
16.261300,0.3640,-0.2296,-1.1655,1.242
16.280385,-0.0360,-0.0010,-0.9612,0.962
16.299094,-0.4055,0.1947,-0.7233,0.852
16.317783,-0.4762,0.3963,-0.4970,0.794
16.336413,-0.4821,0.2340,-0.1025,0.546
16.356796,-0.5132,0.1564,-0.1645,0.561
16.375086,-0.5815,0.2972,-0.5449,0.851
16.394513,-0.3181,-0.0392,-0.8276,0.888
16.413235,-0.4492,-0.1222,-1.0729,1.170
16.432247,-0.7824,0.0845,-1.0053,1.277
16.451782,-0.4464,0.0761,-0.6999,0.834
16.470374,-0.1046,-0.1484,-0.5110,0.542
16.492847,-0.3045,-0.0282,-0.5012,0.587
16.508584,-0.7620,0.0586,-0.5702,0.954
16.527756,-0.8005,-0.0773,-0.4666,0.930
16.546568,-0.5315,-0.2079,0.0120,0.571
16.565973,-0.4166,-0.1930,0.5892,0.747
16.584949,-0.5771,-0.1519,0.5509,0.812
16.605944,-1.1461,-0.1477,0.3392,1.204
16.622161,-1.3937,-0.0232,0.4462,1.464
16.641798,-1.0463,0.1380,1.1915,1.592
16.660862,-1.0019,-0.1195,1.4889,1.799
16.680313,-1.0091,-0.3514,0.7027,1.279
16.698492,-0.8773,-0.1594,0.1358,0.902
16.718601,-0.7136,0.1425,0.4830,0.873
16.737850,-0.7473,0.0086,0.7139,1.033
16.756545,-0.9402,-0.2399,0.3907,1.046
16.775398,-1.1651,-0.0725,0.0063,1.167
16.794145,-0.6938,0.1297,0.1256,0.717
16.814825,0.2153,-0.0433,0.6488,0.685
16.832983,0.4341,-0.1339,0.7392,0.868
16.851273,-0.2590,0.1065,0.4295,0.513
16.870390,-0.6910,0.2041,0.3141,0.786
16.889307,-0.2171,0.0674,0.2438,0.333
16.908594,0.2913,0.1298,0.1263,0.343
16.927558,0.3446,0.3352,0.1681,0.509
16.946774,0.1434,0.0950,0.3418,0.383
16.967156,-0.4794,-0.1534,-0.0170,0.504
16.984161,-0.5729,-0.3338,-0.7093,0.971
17.003182,-0.5673,-0.1655,-0.9836,1.147
17.022635,-0.1403,-0.0623,-0.6167,0.636
17.040898,0.5315,0.2494,0.1333,0.602
17.060493,0.6140,0.0809,0.4925,0.791
17.080136,0.4200,-0.1313,-0.2386,0.501
17.098033,-0.5146,-0.2450,0.0893,0.577
17.118422,-0.3461,-0.0229,0.2666,0.437
17.136546,0.1802,-0.2781,0.2836,0.436
17.156942,0.6706,-0.0742,1.9966,2.107
17.180105,-0.2160,0.4414,0.3775,0.620
17.198396,-0.1090,0.2887,0.2725,0.412
17.217661,0.1176,-0.0714,0.1348,0.193
17.236255,-0.0974,-0.1015,-0.2544,0.291
17.255992,-0.1686,-0.1053,-0.1544,0.252
17.274807,0.3197,-0.3881,-0.2476,0.560
17.293631,0.5703,-0.0677,-0.2768,0.637
17.313572,0.9863,-0.3318,-0.5764,1.190
17.331945,-0.3429,0.7792,0.4136,0.946
17.351275,-1.0335,-0.1912,0.9694,1.430
17.370310,0.0143,0.0094,-0.0196,0.026
17.388074,0.0157,0.0119,-0.0050,0.020
17.407761,-0.0072,-0.0064,-0.0097,0.014
17.427049,-0.0218,0.0514,0.0025,0.056
17.446152,0.0391,-0.0538,-0.0276,0.072
17.464984,0.0045,-0.0022,-0.0016,0.005
17.483798,0.0079,-0.0047,0.0043,0.010
17.503272,0.0017,0.0119,0.0023,0.012
17.521656,-0.0006,-0.0003,0.0020,0.002
17.540803,0.0147,0.0013,-0.0019,0.015
17.560732,0.0051,-0.0001,-0.0052,0.007
17.579963,0.0053,0.0068,-0.0004,0.009
17.598487,0.0172,-0.0012,-0.0055,0.018
17.616920,0.0123,0.0025,-0.0067,0.014
17.636602,-0.0022,0.0066,0.0059,0.009
17.654867,0.0072,0.0068,0.0008,0.010
17.674459,0.0047,-0.0028,0.0019,0.006
17.693089,0.0129,-0.0029,0.0042,0.014
17.713153,0.0094,0.0007,0.0017,0.010
17.731648,0.0021,-0.0019,0.0032,0.004
17.750579,0.0080,-0.0003,-0.0029,0.008
17.770187,-0.0017,-0.0062,0.0007,0.006
17.789644,0.0030,0.0080,0.0034,0.009
17.807764,0.0052,0.0022,0.0007,0.006
17.826883,0.0040,0.0009,-0.0053,0.007
17.846584,0.0050,0.0079,0.0022,0.010
17.865282,0.0026,0.0010,0.0007,0.003
17.884419,0.0014,0.0022,-0.0005,0.003
17.903799,0.0062,0.0021,0.0043,0.008
17.921617,0.0062,0.0056,0.0043,0.009
17.940905,0.0002,-0.0003,-0.0005,0.001
17.960422,0.0038,-0.0015,-0.0017,0.004
17.979303,0.0038,0.0032,0.0010,0.005
17.998656,0.0062,0.0046,0.0020,0.008
18.017537,0.0060,0.0000,-0.0053,0.008
18.036070,0.0144,0.0046,-0.0005,0.015
18.054881,0.0084,0.0035,-0.0017,0.009
18.074362,0.0047,0.0031,-0.0017,0.006
18.096273,0.0058,-0.0031,0.0054,0.009
18.112572,0.0022,-0.0018,0.0008,0.003
18.132061,0.0046,0.0044,-0.0005,0.006
18.151836,0.0031,0.0018,-0.0005,0.004
18.169209,0.0079,0.0031,-0.0029,0.009
18.189779,0.0067,0.0078,0.0020,0.010
18.207117,0.0031,0.0035,-0.0050,0.007
18.226886,0.0043,-0.0018,-0.0043,0.006
18.246265,0.0030,0.0006,0.0020,0.004
18.265761,-0.0027,-0.0015,-0.0016,0.003
18.284839,0.0021,0.0058,-0.0038,0.007
18.302797,0.0034,-0.0029,0.0042,0.006
18.322463,0.0034,0.0006,0.0008,0.004
18.341505,0.0130,-0.0006,0.0042,0.014
18.359977,0.0070,0.0017,0.0030,0.008
18.379451,0.0058,-0.0005,0.0007,0.006
18.398282,0.0058,0.0069,-0.0052,0.010
18.417309,0.0023,-0.0013,-0.0031,0.004
18.436290,0.0129,0.0013,-0.0029,0.013
18.454866,0.0047,0.0007,0.0032,0.006
18.474670,0.0070,0.0013,-0.0052,0.009
18.492956,0.0082,-0.0048,-0.0007,0.010
18.511837,0.0046,0.0024,-0.0016,0.005
18.531486,0.0094,0.0013,0.0017,0.010
18.552158,0.0094,-0.0013,-0.0017,0.010
18.569709,0.0046,-0.0012,-0.0019,0.005
18.589789,-0.0014,-0.0016,0.0032,0.004
18.608418,0.0032,-0.0041,0.0042,0.007
18.625682,0.0139,0.0040,0.0066,0.016
18.645257,0.0054,0.0019,-0.0004,0.006
18.664417,0.0041,0.0030,-0.0002,0.005
18.683661,0.0016,0.0003,0.0019,0.002
18.702725,0.0136,0.0030,-0.0007,0.014
18.721309,0.0017,0.0019,0.0007,0.003
18.741464,0.0028,0.0027,-0.0041,0.006
18.760221,0.0016,0.0014,-0.0004,0.002
18.783757,0.0077,-0.0010,-0.0031,0.008
18.801968,0.0111,0.0025,-0.0041,0.012
18.821049,0.0029,0.0026,-0.0028,0.005
18.841164,0.0113,-0.0000,0.0029,0.012
18.860055,0.0007,0.0050,-0.0014,0.005
18.878504,0.0042,0.0011,-0.0028,0.005
18.898034,0.0078,-0.0049,-0.0017,0.009
18.917086,0.0020,-0.0013,-0.0004,0.002
18.935973,0.0043,0.0070,-0.0040,0.009
18.954290,0.0068,-0.0018,0.0066,0.010
18.975002,0.0105,-0.0017,0.0006,0.011
18.993354,0.0058,-0.0054,-0.0041,0.009
19.011170,0.0022,0.0029,-0.0004,0.004
19.031697,0.0046,-0.0018,0.0006,0.005
19.050232,0.0070,-0.0014,-0.0065,0.010
19.069214,0.0058,-0.0017,0.0006,0.006
19.088844,0.0092,-0.0027,-0.0006,0.010
19.106876,0.0007,0.0019,0.0021,0.003
19.125310,0.0030,-0.0014,-0.0040,0.005
19.144877,0.0018,0.0008,-0.0004,0.002
19.164459,0.0042,-0.0042,-0.0006,0.006
19.183349,0.0031,0.0031,0.0032,0.005
19.201585,0.0006,-0.0029,0.0054,0.006
19.221249,0.0043,0.0024,-0.0004,0.005
19.239503,0.0042,-0.0000,-0.0041,0.006
19.260181,0.0054,0.0010,0.0032,0.006
19.278571,0.0041,0.0009,0.0020,0.005
19.297571,0.0018,0.0014,0.0008,0.002
19.316448,0.0031,-0.0059,-0.0005,0.007
19.336793,0.0032,0.0047,-0.0040,0.007
19.354393,0.0092,-0.0064,0.0066,0.013
19.373130,0.0102,0.0008,0.0006,0.010
19.391916,-0.0041,-0.0013,-0.0014,0.005
19.411268,0.0078,-0.0012,0.0030,0.008
19.430679,0.0077,-0.0004,0.0042,0.009
19.449985,0.0041,0.0059,-0.0038,0.008
19.470085,0.0054,0.0043,-0.0040,0.008
19.487700,0.0031,-0.0005,0.0006,0.003
19.506942,0.0100,-0.0014,0.0006,0.010
19.525341,-0.0008,0.0055,-0.0003,0.006
19.544541,0.0076,-0.0014,-0.0029,0.008
19.564730,0.0063,-0.0027,0.0066,0.010
19.583138,0.0015,0.0007,0.0020,0.003
19.602499,0.0039,0.0033,0.0008,0.005
19.620078,0.0050,0.0012,0.0006,0.005
19.639709,-0.0034,0.0010,-0.0016,0.004
19.659379,0.0024,0.0060,-0.0002,0.007
19.677683,0.0061,-0.0033,-0.0029,0.008
19.697653,0.0048,0.0015,-0.0017,0.005
19.716676,0.0107,0.0027,-0.0005,0.011
19.735145,0.0001,0.0014,-0.0004,0.001
19.754527,0.0071,-0.0008,-0.0053,0.009
19.773431,0.0010,-0.0010,0.0054,0.006
19.793296,0.0083,0.0050,0.0042,0.011
19.811274,0.0070,-0.0007,-0.0041,0.008
19.832022,0.0045,-0.0019,-0.0065,0.008
19.850448,0.0033,-0.0046,-0.0031,0.006
19.868502,0.0009,-0.0018,-0.0040,0.004
19.890459,0.0008,0.0040,-0.0076,0.009
19.906083,0.0056,-0.0033,0.0042,0.008
19.927184,0.0019,-0.0030,-0.0041,0.005
19.944825,0.0104,-0.0051,-0.0007,0.012
19.963709,-0.0027,0.0018,0.0031,0.004
19.983254,0.0056,0.0007,0.0020,0.006
20.005981,0.0020,0.0007,-0.0005,0.002
20.025096,0.0018,0.0057,-0.0037,0.007
20.044149,-0.0015,0.0032,0.0010,0.004
20.064104,0.0035,0.0020,-0.0028,0.005
20.082778,0.0061,-0.0002,0.0019,0.006
20.102125,0.0058,-0.0027,-0.0043,0.008
20.120427,0.0081,-0.0028,-0.0065,0.011
20.139782,0.0032,0.0009,0.0008,0.003
20.158761,0.0055,0.0035,-0.0065,0.009
20.180911,0.0081,0.0044,-0.0065,0.011
20.196547,0.0107,-0.0004,0.0005,0.011
20.215896,0.0057,-0.0005,0.0043,0.007
20.235009,0.0070,0.0019,-0.0017,0.007
20.253776,0.0033,-0.0029,-0.0065,0.008
20.275438,0.0068,0.0018,-0.0052,0.009
20.292083,0.0022,-0.0018,0.0056,0.006
20.311136,0.0046,0.0000,-0.0065,0.008
20.329932,0.0143,-0.0000,-0.0043,0.015
20.350465,0.0036,0.0046,-0.0017,0.006
20.367662,0.0095,-0.0017,-0.0019,0.010
20.387655,0.0036,0.0045,-0.0005,0.006
20.406118,0.0013,-0.0001,-0.0040,0.004
20.424960,0.0012,0.0021,0.0007,0.003
20.444392,0.0130,0.0021,-0.0005,0.013
20.463805,0.0012,0.0020,0.0032,0.004
20.482944,0.0013,0.0034,-0.0005,0.004
20.501929,0.0047,0.0033,0.0020,0.006
20.519734,0.0071,0.0055,-0.0005,0.009
20.539982,0.0106,0.0036,-0.0041,0.012
20.558243,-0.0025,0.0031,0.0035,0.005
20.576898,-0.0012,-0.0038,-0.0004,0.004
20.597155,0.0036,0.0009,0.0032,0.005
20.615260,-0.0010,0.0058,0.0010,0.006
20.635095,0.0050,0.0023,-0.0065,0.009
20.654909,0.0121,0.0024,-0.0017,0.012
20.672377,0.0012,0.0069,-0.0040,0.008
20.691802,0.0035,-0.0026,-0.0029,0.005
20.713017,0.0047,-0.0010,-0.0065,0.008
20.730110,0.0070,0.0035,-0.0041,0.009
20.749244,0.0081,-0.0001,-0.0041,0.009
20.768706,0.0022,-0.0012,-0.0137,0.014
20.786657,-0.0001,0.0016,0.0092,0.009
20.808786,0.0019,0.0033,-0.0004,0.004
20.824859,0.0078,0.0061,-0.0041,0.011
20.845706,0.0030,0.0061,-0.0052,0.009
20.863199,0.0055,-0.0000,-0.0017,0.006
20.881829,0.0080,-0.0024,-0.0017,0.009
20.900982,0.0008,-0.0034,-0.0041,0.005
20.920545,0.0008,-0.0007,-0.0064,0.006
20.939387,0.0103,0.0005,-0.0053,0.012
20.957382,0.0055,0.0015,-0.0029,0.006
20.977741,0.0043,-0.0006,-0.0053,0.007
21.000864,0.0055,0.0043,-0.0065,0.010
21.017291,0.0115,0.0018,-0.0017,0.012
21.034865,0.0090,-0.0002,-0.0029,0.009
21.053620,0.0101,-0.0028,-0.0019,0.011
21.072833,0.0026,0.0030,-0.0050,0.006
21.090722,0.0100,0.0004,0.0029,0.010
21.110671,-0.0009,-0.0038,-0.0100,0.011
21.129654,0.0064,0.0042,0.0031,0.008
21.148606,-0.0009,0.0010,-0.0100,0.010
21.168457,0.0039,0.0030,0.0043,0.007
21.187181,0.0003,-0.0007,0.0043,0.004
21.205116,0.0028,0.0008,0.0032,0.004
21.224326,-0.0018,-0.0015,-0.0040,0.005
21.243763,0.0043,0.0033,-0.0041,0.007
21.262999,0.0079,0.0008,0.0019,0.008
21.281201,0.0126,0.0065,0.0043,0.015
21.301377,-0.0005,0.0032,-0.0028,0.004
21.320003,0.0057,0.0008,-0.0029,0.006
21.339915,0.0057,0.0032,0.0007,0.007
21.358088,-0.0061,0.0040,0.0020,0.008
21.378111,0.0021,0.0019,-0.0017,0.003
21.395566,0.0058,0.0002,0.0005,0.006
21.414669,0.0057,0.0014,0.0044,0.007
21.434331,0.0142,-0.0016,0.0029,0.015
21.454286,0.0058,0.0064,-0.0017,0.009
21.472371,-0.0001,0.0064,-0.0028,0.007
21.490609,0.0023,-0.0032,-0.0005,0.004
21.512204,0.0010,-0.0021,-0.0041,0.005
21.528911,0.0060,-0.0019,-0.0017,0.007
21.547840,0.0060,-0.0007,0.0008,0.006
21.567467,0.0015,-0.0067,0.0008,0.007
21.585684,0.0025,0.0031,-0.0074,0.008
